<results>

<data xmlns:xsi="http://www.w3.org/2001/XMLSchema-instance" xsi:type="moviesIMDB">
<movie>
<idIMDB>tt0111161</idIMDB>
<ranking>1</ranking>
<rating>9.2</rating>
<title>The Shawshank Redemption</title>
<urlPoster>
https://images-na.ssl-images-amazon.com/images/M/MV5BODU4MjU4NjIwNl5BMl5BanBnXkFtZTgwMDU2MjEyMDE@._V1_UY67_CR0,0,45,67_AL_.jpg
</urlPoster>
<year>1994</year>
</movie>
<movie>
<idIMDB>tt0068646</idIMDB>
<ranking>2</ranking>
<rating>9.2</rating>
<title>The Godfather</title>
<urlPoster>
https://images-na.ssl-images-amazon.com/images/M/MV5BNTc0ZDk1YWItZDZiNi00NTdmLWE0MDctNTVhYTRhMDBmZjNjXkEyXkFqcGdeQXVyMjUzOTY1NTc@._V1_UX45_CR0,0,45,67_AL_.jpg
</urlPoster>
<year>1972</year>
</movie>
<movie>
<idIMDB>tt0071562</idIMDB>
<ranking>3</ranking>
<rating>9.0</rating>
<title>The Godfather: Part II</title>
<urlPoster>
https://images-na.ssl-images-amazon.com/images/M/MV5BOTE1MTBiYzYtMDI1OC00ZTUxLTg0ZWQtZjdjMzA0OTM1NGMwXkEyXkFqcGdeQXVyMjUzOTY1NTc@._V1_UX45_CR0,0,45,67_AL_.jpg
</urlPoster>
<year>1974</year>
</movie>
<movie>
<idIMDB>tt0468569</idIMDB>
<ranking>4</ranking>
<rating>8.9</rating>
<title>The Dark Knight</title>
<urlPoster>
https://images-na.ssl-images-amazon.com/images/M/MV5BMTMxNTMwODM0NF5BMl5BanBnXkFtZTcwODAyMTk2Mw@@._V1_UY67_CR0,0,45,67_AL_.jpg
</urlPoster>
<year>2008</year>
</movie>
<movie>
<idIMDB>tt0050083</idIMDB>
<ranking>5</ranking>
<rating>8.9</rating>
<title>12 Angry Men</title>
<urlPoster>
https://images-na.ssl-images-amazon.com/images/M/MV5BODQwOTc5MDM2N15BMl5BanBnXkFtZTcwODQxNTEzNA@@._V1_UX45_CR0,0,45,67_AL_.jpg
</urlPoster>
<year>1957</year>
</movie>
<movie>
<idIMDB>tt0108052</idIMDB>
<ranking>6</ranking>
<rating>8.9</rating>
<title>Schindler's List</title>
<urlPoster>
https://images-na.ssl-images-amazon.com/images/M/MV5BMzMwMTM4MDU2N15BMl5BanBnXkFtZTgwMzQ0MjMxMDE@._V1_UX45_CR0,0,45,67_AL_.jpg
</urlPoster>
<year>1993</year>
</movie>
<movie>
<idIMDB>tt0110912</idIMDB>
<ranking>7</ranking>
<rating>8.9</rating>
<title>Pulp Fiction</title>
<urlPoster>
https://images-na.ssl-images-amazon.com/images/M/MV5BMTkxMTA5OTAzMl5BMl5BanBnXkFtZTgwNjA5MDc3NjE@._V1_UY67_CR0,0,45,67_AL_.jpg
</urlPoster>
<year>1994</year>
</movie>
<movie>
<idIMDB>tt0167260</idIMDB>
<ranking>8</ranking>
<rating>8.9</rating>
<title>The Lord of the Rings: The Return of the King</title>
<urlPoster>
https://images-na.ssl-images-amazon.com/images/M/MV5BMjE4MjA1NTAyMV5BMl5BanBnXkFtZTcwNzM1NDQyMQ@@._V1_UY67_CR0,0,45,67_AL_.jpg
</urlPoster>
<year>2003</year>
</movie>
<movie>
<idIMDB>tt0060196</idIMDB>
<ranking>9</ranking>
<rating>8.8</rating>
<title>The Good, the Bad and the Ugly</title>
<urlPoster>
https://images-na.ssl-images-amazon.com/images/M/MV5BOTQ5NDI3MTI4MF5BMl5BanBnXkFtZTgwNDQ4ODE5MDE@._V1_UX45_CR0,0,45,67_AL_.jpg
</urlPoster>
<year>1966</year>
</movie>
<movie>
<idIMDB>tt0137523</idIMDB>
<ranking>10</ranking>
<rating>8.8</rating>
<title>Fight Club</title>
<urlPoster>
https://images-na.ssl-images-amazon.com/images/M/MV5BMzc1YmU2ZjEtYWIwMC00ZjM3LWI0NTctMDVlNGQ3YmYwMzE5XkEyXkFqcGdeQXVyMTQxNzMzNDI@._V1_UY67_CR1,0,45,67_AL_.jpg
</urlPoster>
<year>1999</year>
</movie>
<movie>
<idIMDB>tt0120737</idIMDB>
<ranking>11</ranking>
<rating>8.8</rating>
<title>The Lord of the Rings: The Fellowship of the Ring</title>
<urlPoster>
https://images-na.ssl-images-amazon.com/images/M/MV5BNTEyMjAwMDU1OV5BMl5BanBnXkFtZTcwNDQyNTkxMw@@._V1_UY67_CR0,0,45,67_AL_.jpg
</urlPoster>
<year>2001</year>
</movie>
<movie>
<idIMDB>tt0080684</idIMDB>
<ranking>12</ranking>
<rating>8.7</rating>
<title>Star Wars: Episode V - The Empire Strikes Back</title>
<urlPoster>
https://images-na.ssl-images-amazon.com/images/M/MV5BYmViY2M2MTYtY2MzOS00YjQ1LWIzYmEtOTBiNjhlMGM0NjZjXkEyXkFqcGdeQXVyNDYyMDk5MTU@._V1_UX45_CR0,0,45,67_AL_.jpg
</urlPoster>
<year>1980</year>
</movie>
<movie>
<idIMDB>tt0109830</idIMDB>
<ranking>13</ranking>
<rating>8.7</rating>
<title>Forrest Gump</title>
<urlPoster>
https://images-na.ssl-images-amazon.com/images/M/MV5BYThjM2MwZGMtMzg3Ny00NGRkLWE4M2EtYTBiNWMzOTY0YTI4XkEyXkFqcGdeQXVyNDYyMDk5MTU@._V1_UY67_CR3,0,45,67_AL_.jpg
</urlPoster>
<year>1994</year>
</movie>
<movie>
<idIMDB>tt1375666</idIMDB>
<ranking>14</ranking>
<rating>8.7</rating>
<title>Inception</title>
<urlPoster>
https://images-na.ssl-images-amazon.com/images/M/MV5BMjAxMzY3NjcxNF5BMl5BanBnXkFtZTcwNTI5OTM0Mw@@._V1_UY67_CR0,0,45,67_AL_.jpg
</urlPoster>
<year>2010</year>
</movie>
<movie>
<idIMDB>tt0167261</idIMDB>
<ranking>15</ranking>
<rating>8.7</rating>
<title>The Lord of the Rings: The Two Towers</title>
<urlPoster>
https://images-na.ssl-images-amazon.com/images/M/MV5BMTAyNDU0NjY4NTheQTJeQWpwZ15BbWU2MDk4MTY2Nw@@._V1_UY67_CR0,0,45,67_AL_.jpg
</urlPoster>
<year>2002</year>
</movie>
<movie>
<idIMDB>tt0073486</idIMDB>
<ranking>16</ranking>
<rating>8.7</rating>
<title>One Flew Over the Cuckoo's Nest</title>
<urlPoster>
https://images-na.ssl-images-amazon.com/images/M/MV5BZjA0OWVhOTAtYWQxNi00YzNhLWI4ZjYtNjFjZTEyYjJlNDVlL2ltYWdlL2ltYWdlXkEyXkFqcGdeQXVyMTQxNzMzNDI@._V1_UY67_CR0,0,45,67_AL_.jpg
</urlPoster>
<year>1975</year>
</movie>
<movie>
<idIMDB>tt0099685</idIMDB>
<ranking>17</ranking>
<rating>8.7</rating>
<title>Goodfellas</title>
<urlPoster>
https://images-na.ssl-images-amazon.com/images/M/MV5BNThjMzczMjctZmIwOC00NTQ4LWJhZWItZDdhNTk5ZTdiMWFlXkEyXkFqcGdeQXVyNDYyMDk5MTU@._V1_UX45_CR0,0,45,67_AL_.jpg
</urlPoster>
<year>1990</year>
</movie>
<movie>
<idIMDB>tt0133093</idIMDB>
<ranking>18</ranking>
<rating>8.7</rating>
<title>The Matrix</title>
<urlPoster>
https://images-na.ssl-images-amazon.com/images/M/MV5BMDMyMmQ5YzgtYWMxOC00OTU0LWIwZjEtZWUwYTY5MjVkZjhhXkEyXkFqcGdeQXVyNDYyMDk5MTU@._V1_UY67_CR1,0,45,67_AL_.jpg
</urlPoster>
<year>1999</year>
</movie>
<movie>
<idIMDB>tt0047478</idIMDB>
<ranking>19</ranking>
<rating>8.6</rating>
<title>Seven Samurai</title>
<urlPoster>
https://images-na.ssl-images-amazon.com/images/M/MV5BMTc5MDY1MjU5MF5BMl5BanBnXkFtZTgwNDM2OTE4MzE@._V1_UY67_CR1,0,45,67_AL_.jpg
</urlPoster>
<year>1954</year>
</movie>
<movie>
<idIMDB>tt0076759</idIMDB>
<ranking>20</ranking>
<rating>8.6</rating>
<title>Star Wars: Episode IV - A New Hope</title>
<urlPoster>
https://images-na.ssl-images-amazon.com/images/M/MV5BYzQ2OTk4N2QtOGQwNy00MmI3LWEwNmEtOTk0OTY3NDk2MGJkL2ltYWdlL2ltYWdlXkEyXkFqcGdeQXVyNjc1NTYyMjg@._V1_UX45_CR0,0,45,67_AL_.jpg
</urlPoster>
<year>1977</year>
</movie>
<movie>
<idIMDB>tt0317248</idIMDB>
<ranking>21</ranking>
<rating>8.6</rating>
<title>City of God</title>
<urlPoster>
https://images-na.ssl-images-amazon.com/images/M/MV5BMjA4ODQ3ODkzNV5BMl5BanBnXkFtZTYwOTc4NDI3._V1_UY67_CR0,0,45,67_AL_.jpg
</urlPoster>
<year>2002</year>
</movie>
<movie>
<idIMDB>tt0114369</idIMDB>
<ranking>22</ranking>
<rating>8.6</rating>
<title>Se7en</title>
<urlPoster>
https://images-na.ssl-images-amazon.com/images/M/MV5BMTQwNTU3MTE4NF5BMl5BanBnXkFtZTcwOTgxNDM2Mg@@._V1_UX45_CR0,0,45,67_AL_.jpg
</urlPoster>
<year>1995</year>
</movie>
<movie>
<idIMDB>tt0102926</idIMDB>
<ranking>23</ranking>
<rating>8.6</rating>
<title>The Silence of the Lambs</title>
<urlPoster>
https://images-na.ssl-images-amazon.com/images/M/MV5BMTQ2NzkzMDI4OF5BMl5BanBnXkFtZTcwMDA0NzE1NA@@._V1_UX45_CR0,0,45,67_AL_.jpg
</urlPoster>
<year>1991</year>
</movie>
<movie>
<idIMDB>tt0038650</idIMDB>
<ranking>24</ranking>
<rating>8.6</rating>
<title>It's a Wonderful Life</title>
<urlPoster>
https://images-na.ssl-images-amazon.com/images/M/MV5BMTMzMzY5NDc4M15BMl5BanBnXkFtZTcwMzc4NjIxNw@@._V1_UX45_CR0,0,45,67_AL_.jpg
</urlPoster>
<year>1946</year>
</movie>
<movie>
<idIMDB>tt0114814</idIMDB>
<ranking>25</ranking>
<rating>8.6</rating>
<title>The Usual Suspects</title>
<urlPoster>
https://images-na.ssl-images-amazon.com/images/M/MV5BMzI1MjI5MDQyOV5BMl5BanBnXkFtZTcwNzE4Mjg3NA@@._V1_UX45_CR0,0,45,67_AL_.jpg
</urlPoster>
<year>1995</year>
</movie>
<movie>
<idIMDB>tt0118799</idIMDB>
<ranking>26</ranking>
<rating>8.6</rating>
<title>Life Is Beautiful</title>
<urlPoster>
https://images-na.ssl-images-amazon.com/images/M/MV5BYmJmM2Q4NmMtYThmNC00ZjRlLWEyZmItZTIwOTBlZDQ3NTQ1XkEyXkFqcGdeQXVyMTQxNzMzNDI@._V1_UX45_CR0,0,45,67_AL_.jpg
</urlPoster>
<year>1997</year>
</movie>
<movie>
<idIMDB>tt0110413</idIMDB>
<ranking>27</ranking>
<rating>8.5</rating>
<title>Léon: The Professional</title>
<urlPoster>
https://images-na.ssl-images-amazon.com/images/M/MV5BMjdjMGU3MGYtN2Y5ZC00MTE4LWE4YWQtMTBhMjc3MTk0ZDUwXkEyXkFqcGdeQXVyNjU0OTQ0OTY@._V1_UX45_CR0,0,45,67_AL_.jpg
</urlPoster>
<year>1994</year>
</movie>
<movie>
<idIMDB>tt0245429</idIMDB>
<ranking>28</ranking>
<rating>8.5</rating>
<title>Spirited Away</title>
<urlPoster>
https://images-na.ssl-images-amazon.com/images/M/MV5BMjYxMDcyMzIzNl5BMl5BanBnXkFtZTYwNDg2MDU3._V1_UY67_CR1,0,45,67_AL_.jpg
</urlPoster>
<year>2001</year>
</movie>
<movie>
<idIMDB>tt0120815</idIMDB>
<ranking>29</ranking>
<rating>8.5</rating>
<title>Saving Private Ryan</title>
<urlPoster>
https://images-na.ssl-images-amazon.com/images/M/MV5BZjhkMDM4MWItZTVjOC00ZDRhLThmYTAtM2I5NzBmNmNlMzI1XkEyXkFqcGdeQXVyNDYyMDk5MTU@._V1_UY67_CR0,0,45,67_AL_.jpg
</urlPoster>
<year>1998</year>
</movie>
<movie>
<idIMDB>tt0064116</idIMDB>
<ranking>30</ranking>
<rating>8.5</rating>
<title>Once Upon a Time in the West</title>
<urlPoster>
https://images-na.ssl-images-amazon.com/images/M/MV5BYjFiOTlmMzgtOGZlYi00NjY0LThmMzEtNmQ0OTgxNGViOTZmXkEyXkFqcGdeQXVyNjc1NTYyMjg@._V1_UX45_CR0,0,45,67_AL_.jpg
</urlPoster>
<year>1968</year>
</movie>
<movie>
<idIMDB>tt0120586</idIMDB>
<ranking>31</ranking>
<rating>8.5</rating>
<title>American History X</title>
<urlPoster>
https://images-na.ssl-images-amazon.com/images/M/MV5BZjA0MTM4MTQtNzY5MC00NzY3LWI1ZTgtYzcxMjkyMzU4MDZiXkEyXkFqcGdeQXVyNDYyMDk5MTU@._V1_UY67_CR0,0,45,67_AL_.jpg
</urlPoster>
<year>1998</year>
</movie>
<movie>
<idIMDB>tt0816692</idIMDB>
<ranking>32</ranking>
<rating>8.5</rating>
<title>Interstellar</title>
<urlPoster>
https://images-na.ssl-images-amazon.com/images/M/MV5BMjIxNTU4MzY4MF5BMl5BanBnXkFtZTgwMzM4ODI3MjE@._V1_UX45_CR0,0,45,67_AL_.jpg
</urlPoster>
<year>2014</year>
</movie>
<movie>
<idIMDB>tt0034583</idIMDB>
<ranking>33</ranking>
<rating>8.5</rating>
<title>Casablanca</title>
<urlPoster>
https://images-na.ssl-images-amazon.com/images/M/MV5BYjlkMjk1MTItZGJkZC00NGE1LTllYjktZDQ3MWFmOGNhZWE2L2ltYWdlL2ltYWdlXkEyXkFqcGdeQXVyNjc1NTYyMjg@._V1_UY67_CR0,0,45,67_AL_.jpg
</urlPoster>
<year>1942</year>
</movie>
<movie>
<idIMDB>tt0054215</idIMDB>
<ranking>34</ranking>
<rating>8.5</rating>
<title>Psycho</title>
<urlPoster>
https://images-na.ssl-images-amazon.com/images/M/MV5BMDI3OWRmOTEtOWJhYi00N2JkLTgwNGItMjdkN2U0NjFiZTYwXkEyXkFqcGdeQXVyMTQxNzMzNDI@._V1_UX45_CR0,0,45,67_AL_.jpg
</urlPoster>
<year>1960</year>
</movie>
<movie>
<idIMDB>tt0021749</idIMDB>
<ranking>35</ranking>
<rating>8.5</rating>
<title>City Lights</title>
<urlPoster>
https://images-na.ssl-images-amazon.com/images/M/MV5BMjA3NDQ5MDMzOV5BMl5BanBnXkFtZTgwODY2MjcyMjE@._V1_UY67_CR0,0,45,67_AL_.jpg
</urlPoster>
<year>1931</year>
</movie>
<movie>
<idIMDB>tt0120689</idIMDB>
<ranking>36</ranking>
<rating>8.5</rating>
<title>The Green Mile</title>
<urlPoster>
https://images-na.ssl-images-amazon.com/images/M/MV5BMTUxMzQyNjA5MF5BMl5BanBnXkFtZTYwOTU2NTY3._V1_UY67_CR0,0,45,67_AL_.jpg
</urlPoster>
<year>1999</year>
</movie>
<movie>
<idIMDB>tt0082971</idIMDB>
<ranking>37</ranking>
<rating>8.5</rating>
<title>Raiders of the Lost Ark</title>
<urlPoster>
https://images-na.ssl-images-amazon.com/images/M/MV5BMjA0ODEzMTc1Nl5BMl5BanBnXkFtZTcwODM2MjAxNA@@._V1_UX45_CR0,0,45,67_AL_.jpg
</urlPoster>
<year>1981</year>
</movie>
<movie>
<idIMDB>tt1675434</idIMDB>
<ranking>38</ranking>
<rating>8.5</rating>
<title>The Intouchables</title>
<urlPoster>
https://images-na.ssl-images-amazon.com/images/M/MV5BMTYxNDA3MDQwNl5BMl5BanBnXkFtZTcwNTU4Mzc1Nw@@._V1_UY67_CR0,0,45,67_AL_.jpg
</urlPoster>
<year>2011</year>
</movie>
<movie>
<idIMDB>tt0027977</idIMDB>
<ranking>39</ranking>
<rating>8.5</rating>
<title>Modern Times</title>
<urlPoster>
https://images-na.ssl-images-amazon.com/images/M/MV5BMjAyMTkxNjI5OF5BMl5BanBnXkFtZTYwMjI2MjA5._V1_UY67_CR2,0,45,67_AL_.jpg
</urlPoster>
<year>1936</year>
</movie>
<movie>
<idIMDB>tt0047396</idIMDB>
<ranking>40</ranking>
<rating>8.5</rating>
<title>Rear Window</title>
<urlPoster>
https://images-na.ssl-images-amazon.com/images/M/MV5BNGUxYWM3M2MtMGM3Mi00ZmRiLWE0NGQtZjE5ODI2OTJhNTU0XkEyXkFqcGdeQXVyMTQxNzMzNDI@._V1_UY67_CR0,0,45,67_AL_.jpg
</urlPoster>
<year>1954</year>
</movie>
<movie>
<idIMDB>tt0103064</idIMDB>
<ranking>41</ranking>
<rating>8.5</rating>
<title>Terminator 2: Judgment Day</title>
<urlPoster>
https://images-na.ssl-images-amazon.com/images/M/MV5BZDM2YjYwYWMtMWZlNi00ZDQxLWExMDctMDAzNzQ0OTkzZjljXkEyXkFqcGdeQXVyMTQxNzMzNDI@._V1_UY67_CR0,0,45,67_AL_.jpg
</urlPoster>
<year>1991</year>
</movie>
<movie>
<idIMDB>tt0253474</idIMDB>
<ranking>42</ranking>
<rating>8.5</rating>
<title>The Pianist</title>
<urlPoster>
https://images-na.ssl-images-amazon.com/images/M/MV5BOWRiZDIxZjktMTA1NC00MDQ2LWEzMjUtMTliZmY3NjQ3ODJiXkEyXkFqcGdeQXVyNjU0OTQ0OTY@._V1_UY67_CR2,0,45,67_AL_.jpg
</urlPoster>
<year>2002</year>
</movie>
<movie>
<idIMDB>tt0407887</idIMDB>
<ranking>43</ranking>
<rating>8.5</rating>
<title>The Departed</title>
<urlPoster>
https://images-na.ssl-images-amazon.com/images/M/MV5BMTI1MTY2OTIxNV5BMl5BanBnXkFtZTYwNjQ4NjY3._V1_UY67_CR0,0,45,67_AL_.jpg
</urlPoster>
<year>2006</year>
</movie>
<movie>
<idIMDB>tt0088763</idIMDB>
<ranking>44</ranking>
<rating>8.5</rating>
<title>Back to the Future</title>
<urlPoster>
https://images-na.ssl-images-amazon.com/images/M/MV5BZmU0M2Y1OGUtZjIxNi00ZjBkLTg1MjgtOWIyNThiZWIwYjRiXkEyXkFqcGdeQXVyMTQxNzMzNDI@._V1_UX45_CR0,0,45,67_AL_.jpg
</urlPoster>
<year>1985</year>
</movie>
<movie>
<idIMDB>tt2582802</idIMDB>
<ranking>45</ranking>
<rating>8.5</rating>
<title>Whiplash</title>
<urlPoster>
https://images-na.ssl-images-amazon.com/images/M/MV5BMTU4OTQ3MDUyMV5BMl5BanBnXkFtZTgwOTA2MjU0MjE@._V1_UY67_CR0,0,45,67_AL_.jpg
</urlPoster>
<year>2014</year>
</movie>
<movie>
<idIMDB>tt0172495</idIMDB>
<ranking>46</ranking>
<rating>8.5</rating>
<title>Gladiator</title>
<urlPoster>
https://images-na.ssl-images-amazon.com/images/M/MV5BMTgwMzQzNTQ1Ml5BMl5BanBnXkFtZTgwMDY2NTYxMTE@._V1_UY67_CR0,0,45,67_AL_.jpg
</urlPoster>
<year>2000</year>
</movie>
<movie>
<idIMDB>tt0209144</idIMDB>
<ranking>47</ranking>
<rating>8.5</rating>
<title>Memento</title>
<urlPoster>
https://images-na.ssl-images-amazon.com/images/M/MV5BNThiYjM3MzktMDg3Yy00ZWQ3LTk3YWEtN2M0YmNmNWEwYTE3XkEyXkFqcGdeQXVyMTQxNzMzNDI@._V1_UY67_CR0,0,45,67_AL_.jpg
</urlPoster>
<year>2000</year>
</movie>
<movie>
<idIMDB>tt0078788</idIMDB>
<ranking>48</ranking>
<rating>8.5</rating>
<title>Apocalypse Now</title>
<urlPoster>
https://images-na.ssl-images-amazon.com/images/M/MV5BYWNjNjZjYmMtOTRjOC00ZGIwLWI2YzEtMjkxNTAzODkzZDRlXkEyXkFqcGdeQXVyNjUwNzk3NDc@._V1_UY67_CR0,0,45,67_AL_.jpg
</urlPoster>
<year>1979</year>
</movie>
<movie>
<idIMDB>tt0482571</idIMDB>
<ranking>49</ranking>
<rating>8.5</rating>
<title>The Prestige</title>
<urlPoster>
https://images-na.ssl-images-amazon.com/images/M/MV5BMjA4NDI0MTIxNF5BMl5BanBnXkFtZTYwNTM0MzY2._V1_UY67_CR0,0,45,67_AL_.jpg
</urlPoster>
<year>2006</year>
</movie>
<movie>
<idIMDB>tt0110357</idIMDB>
<ranking>50</ranking>
<rating>8.5</rating>
<title>The Lion King</title>
<urlPoster>
https://images-na.ssl-images-amazon.com/images/M/MV5BYTYxNGMyZTYtMjE3MS00MzNjLWFjNmYtMDk3N2FmM2JiM2M1XkEyXkFqcGdeQXVyNjY5NDU4NzI@._V1_UY67_CR0,0,45,67_AL_.jpg
</urlPoster>
<year>1994</year>
</movie>
<movie>
<idIMDB>tt0078748</idIMDB>
<ranking>51</ranking>
<rating>8.4</rating>
<title>Alien</title>
<urlPoster>
https://images-na.ssl-images-amazon.com/images/M/MV5BNDNhN2IxZWItNGEwYS00ZDNhLThiM2UtODU3NWJlZjBkYjQxXkEyXkFqcGdeQXVyMTQxNzMzNDI@._V1_UY67_CR0,0,45,67_AL_.jpg
</urlPoster>
<year>1979</year>
</movie>
<movie>
<idIMDB>tt0057012</idIMDB>
<ranking>52</ranking>
<rating>8.4</rating>
<title>
Dr. Strangelove or: How I Learned to Stop Worrying and Love the Bomb
</title>
<urlPoster>
https://images-na.ssl-images-amazon.com/images/M/MV5BOTFiM2RlOGUtYjExYy00YjFmLWFjYzgtM2YwNDU1NmEyMzRlXkEyXkFqcGdeQXVyNDYyMDk5MTU@._V1_UX45_CR0,0,45,67_AL_.jpg
</urlPoster>
<year>1964</year>
</movie>
<movie>
<idIMDB>tt0043014</idIMDB>
<ranking>53</ranking>
<rating>8.4</rating>
<title>Sunset Boulevard</title>
<urlPoster>
https://images-na.ssl-images-amazon.com/images/M/MV5BMTc3NDYzODAwNV5BMl5BanBnXkFtZTgwODg1MTczMTE@._V1_UX45_CR0,0,45,67_AL_.jpg
</urlPoster>
<year>1950</year>
</movie>
<movie>
<idIMDB>tt0032553</idIMDB>
<ranking>54</ranking>
<rating>8.4</rating>
<title>The Great Dictator</title>
<urlPoster>
https://images-na.ssl-images-amazon.com/images/M/MV5BMTQ5NDAwMDgzOV5BMl5BanBnXkFtZTgwNDI2MjA0MjE@._V1_UY67_CR0,0,45,67_AL_.jpg
</urlPoster>
<year>1940</year>
</movie>
<movie>
<idIMDB>tt0405094</idIMDB>
<ranking>55</ranking>
<rating>8.4</rating>
<title>The Lives of Others</title>
<urlPoster>
https://images-na.ssl-images-amazon.com/images/M/MV5BNDUzNjYwNDYyNl5BMl5BanBnXkFtZTcwNjU3ODQ0MQ@@._V1_UX45_CR0,0,45,67_AL_.jpg
</urlPoster>
<year>2006</year>
</movie>
<movie>
<idIMDB>tt0095765</idIMDB>
<ranking>56</ranking>
<rating>8.4</rating>
<title>Cinema Paradiso</title>
<urlPoster>
https://images-na.ssl-images-amazon.com/images/M/MV5BMjIzMTgzOTEwOF5BMl5BanBnXkFtZTgwNTUxNjcxMTE@._V1_UY67_CR0,0,45,67_AL_.jpg
</urlPoster>
<year>1988</year>
</movie>
<movie>
<idIMDB>tt0050825</idIMDB>
<ranking>57</ranking>
<rating>8.4</rating>
<title>Paths of Glory</title>
<urlPoster>
https://images-na.ssl-images-amazon.com/images/M/MV5BOTI5Nzc0OTMtYzBkMS00NjkxLThmM2UtNjM2ODgxN2M5NjNkXkEyXkFqcGdeQXVyNjQ2MjQ5NzM@._V1_UX45_CR0,0,45,67_AL_.jpg
</urlPoster>
<year>1957</year>
</movie>
<movie>
<idIMDB>tt1853728</idIMDB>
<ranking>58</ranking>
<rating>8.4</rating>
<title>Django Unchained</title>
<urlPoster>
https://images-na.ssl-images-amazon.com/images/M/MV5BMjIyNTQ5NjQ1OV5BMl5BanBnXkFtZTcwODg1MDU4OA@@._V1_UY67_CR0,0,45,67_AL_.jpg
</urlPoster>
<year>2012</year>
</movie>
<movie>
<idIMDB>tt0095327</idIMDB>
<ranking>59</ranking>
<rating>8.4</rating>
<title>Grave of the Fireflies</title>
<urlPoster>
https://images-na.ssl-images-amazon.com/images/M/MV5BMTgyMzUwMTMxMl5BMl5BanBnXkFtZTgwODYyMDk2MjE@._V1_UY67_CR0,0,45,67_AL_.jpg
</urlPoster>
<year>1988</year>
</movie>
<movie>
<idIMDB>tt0081505</idIMDB>
<ranking>60</ranking>
<rating>8.4</rating>
<title>The Shining</title>
<urlPoster>
https://images-na.ssl-images-amazon.com/images/M/MV5BODMxMjE3NTA4Ml5BMl5BanBnXkFtZTgwNDc0NTIxMDE@._V1_UY67_CR0,0,45,67_AL_.jpg
</urlPoster>
<year>1980</year>
</movie>
<movie>
<idIMDB>tt0910970</idIMDB>
<ranking>61</ranking>
<rating>8.4</rating>
<title>WALL·E</title>
<urlPoster>
https://images-na.ssl-images-amazon.com/images/M/MV5BMjExMTg5OTU0NF5BMl5BanBnXkFtZTcwMjMxMzMzMw@@._V1_UY67_CR0,0,45,67_AL_.jpg
</urlPoster>
<year>2008</year>
</movie>
<movie>
<idIMDB>tt1345836</idIMDB>
<ranking>62</ranking>
<rating>8.4</rating>
<title>The Dark Knight Rises</title>
<urlPoster>
https://images-na.ssl-images-amazon.com/images/M/MV5BMTk4ODQzNDY3Ml5BMl5BanBnXkFtZTcwODA0NTM4Nw@@._V1_UY67_CR0,0,45,67_AL_.jpg
</urlPoster>
<year>2012</year>
</movie>
<movie>
<idIMDB>tt0169547</idIMDB>
<ranking>63</ranking>
<rating>8.4</rating>
<title>American Beauty</title>
<urlPoster>
https://images-na.ssl-images-amazon.com/images/M/MV5BMjM4NTI5NzYyNV5BMl5BanBnXkFtZTgwNTkxNTYxMTE@._V1_UY67_CR0,0,45,67_AL_.jpg
</urlPoster>
<year>1999</year>
</movie>
<movie>
<idIMDB>tt0119698</idIMDB>
<ranking>64</ranking>
<rating>8.4</rating>
<title>Princess Mononoke</title>
<urlPoster>
https://images-na.ssl-images-amazon.com/images/M/MV5BYTU2YjNmN2UtMTkyYS00YTFhLWJkM2QtODNhODE0OGQzMDQ3XkEyXkFqcGdeQXVyNTA4NzY1MzY@._V1_UX45_CR0,0,45,67_AL_.jpg
</urlPoster>
<year>1997</year>
</movie>
<movie>
<idIMDB>tt0090605</idIMDB>
<ranking>65</ranking>
<rating>8.4</rating>
<title>Aliens</title>
<urlPoster>
https://images-na.ssl-images-amazon.com/images/M/MV5BOTYxZGJkNDUtOWRmMy00M2JjLWJiNjAtNTE0OWU0ODU1MDdiXkEyXkFqcGdeQXVyMTQxNzMzNDI@._V1_UX45_CR0,0,45,67_AL_.jpg
</urlPoster>
<year>1986</year>
</movie>
<movie>
<idIMDB>tt0364569</idIMDB>
<ranking>66</ranking>
<rating>8.4</rating>
<title>Old Boy</title>
<urlPoster>
https://images-na.ssl-images-amazon.com/images/M/MV5BMTI3NTQyMzU5M15BMl5BanBnXkFtZTcwMTM2MjgyMQ@@._V1_UY67_CR0,0,45,67_AL_.jpg
</urlPoster>
<year>2003</year>
</movie>
<movie>
<idIMDB>tt0087843</idIMDB>
<ranking>67</ranking>
<rating>8.4</rating>
<title>Il était une fois en Amérique</title>
<urlPoster>
https://images-na.ssl-images-amazon.com/images/M/MV5BMGFkNWI4MTMtNGQ0OC00MWVmLTk3MTktOGYxN2Y2YWVkZWE2XkEyXkFqcGdeQXVyNjU0OTQ0OTY@._V1_UX45_CR0,0,45,67_AL_.jpg
</urlPoster>
<year>1984</year>
</movie>
<movie>
<idIMDB>tt0033467</idIMDB>
<ranking>68</ranking>
<rating>8.3</rating>
<title>Citizen Kane</title>
<urlPoster>
https://images-na.ssl-images-amazon.com/images/M/MV5BMTQ2Mjc1MDQwMl5BMl5BanBnXkFtZTcwNzUyOTUyMg@@._V1_UY67_CR0,0,45,67_AL_.jpg
</urlPoster>
<year>1941</year>
</movie>
<movie>
<idIMDB>tt0082096</idIMDB>
<ranking>69</ranking>
<rating>8.3</rating>
<title>Das Boot</title>
<urlPoster>
https://images-na.ssl-images-amazon.com/images/M/MV5BNGRmOWY0MGUtNTVhMy00NzRlLTljNDAtNTBiNTRlODgxNmY2XkEyXkFqcGdeQXVyNjc1NTYyMjg@._V1_UY67_CR1,0,45,67_AL_.jpg
</urlPoster>
<year>1981</year>
</movie>
<movie>
<idIMDB>tt0051201</idIMDB>
<ranking>70</ranking>
<rating>8.3</rating>
<title>Witness for the Prosecution</title>
<urlPoster>
https://images-na.ssl-images-amazon.com/images/M/MV5BMTc0MjgyNTUyNF5BMl5BanBnXkFtZTcwNDQzMDg0Nw@@._V1_UX45_CR0,0,45,67_AL_.jpg
</urlPoster>
<year>1957</year>
</movie>
<movie>
<idIMDB>tt0053125</idIMDB>
<ranking>71</ranking>
<rating>8.3</rating>
<title>North by Northwest</title>
<urlPoster>
https://images-na.ssl-images-amazon.com/images/M/MV5BMjQwMTQ0MzgwNl5BMl5BanBnXkFtZTgwNjc4ODE4MzE@._V1_UX45_CR0,0,45,67_AL_.jpg
</urlPoster>
<year>1959</year>
</movie>
<movie>
<idIMDB>tt0052357</idIMDB>
<ranking>72</ranking>
<rating>8.3</rating>
<title>Vertigo</title>
<urlPoster>
https://images-na.ssl-images-amazon.com/images/M/MV5BYTE4ODEwZDUtNDFjOC00NjAxLWEzYTQtYTI1NGVmZmFlNjdiL2ltYWdlL2ltYWdlXkEyXkFqcGdeQXVyNjc1NTYyMjg@._V1_UX45_CR0,0,45,67_AL_.jpg
</urlPoster>
<year>1958</year>
</movie>
<movie>
<idIMDB>tt0086190</idIMDB>
<ranking>73</ranking>
<rating>8.3</rating>
<title>Star Wars: Episode VI - Return of the Jedi</title>
<urlPoster>
https://images-na.ssl-images-amazon.com/images/M/MV5BODllZjg2YjUtNWEzNy00ZGY2LTgyZmQtYTkxNDYyOWM3OTUyXkEyXkFqcGdeQXVyMTQxNzMzNDI@._V1_UX45_CR0,0,45,67_AL_.jpg
</urlPoster>
<year>1983</year>
</movie>
<movie>
<idIMDB>tt0022100</idIMDB>
<ranking>74</ranking>
<rating>8.3</rating>
<title>M</title>
<urlPoster>
https://images-na.ssl-images-amazon.com/images/M/MV5BMTQyNjA5NzU5MV5BMl5BanBnXkFtZTgwMDk1MTA5MTE@._V1_UY67_CR1,0,45,67_AL_.jpg
</urlPoster>
<year>1931</year>
</movie>
<movie>
<idIMDB>tt0105236</idIMDB>
<ranking>75</ranking>
<rating>8.3</rating>
<title>Reservoir Dogs</title>
<urlPoster>
https://images-na.ssl-images-amazon.com/images/M/MV5BNjE5ZDJiZTQtOGE2YS00ZTc5LTk0OGUtOTg2NjdjZmVlYzE2XkEyXkFqcGdeQXVyMzM4MjM0Nzg@._V1_UY67_CR0,0,45,67_AL_.jpg
</urlPoster>
<year>1992</year>
</movie>
<movie>
<idIMDB>tt0112573</idIMDB>
<ranking>76</ranking>
<rating>8.3</rating>
<title>Braveheart</title>
<urlPoster>
https://images-na.ssl-images-amazon.com/images/M/MV5BNTMyNGE1ODQtYTNiNS00ZTUyLThhZjktMTgyOGZkZThlYTc3XkEyXkFqcGdeQXVyMTQxNzMzNDI@._V1_UY67_CR0,0,45,67_AL_.jpg
</urlPoster>
<year>1995</year>
</movie>
<movie>
<idIMDB>tt0211915</idIMDB>
<ranking>77</ranking>
<rating>8.3</rating>
<title>Amélie</title>
<urlPoster>
https://images-na.ssl-images-amazon.com/images/M/MV5BMTA3MjVkMWMtYTQ4ZC00ODczLWFjYmQtMDFkZDQ2Y2M0NDVmXkEyXkFqcGdeQXVyMTQxNzMzNDI@._V1_UY67_CR0,0,45,67_AL_.jpg
</urlPoster>
<year>2001</year>
</movie>
<movie>
<idIMDB>tt0180093</idIMDB>
<ranking>78</ranking>
<rating>8.3</rating>
<title>Requiem for a Dream</title>
<urlPoster>
https://images-na.ssl-images-amazon.com/images/M/MV5BMTkzODMzODYwOF5BMl5BanBnXkFtZTcwODM2NjA2NQ@@._V1_UY67_CR0,0,45,67_AL_.jpg
</urlPoster>
<year>2000</year>
</movie>
<movie>
<idIMDB>tt0066921</idIMDB>
<ranking>79</ranking>
<rating>8.3</rating>
<title>A Clockwork Orange</title>
<urlPoster>
https://images-na.ssl-images-amazon.com/images/M/MV5BMTY3MjM1Mzc4N15BMl5BanBnXkFtZTgwODM0NzAxMDE@._V1_UY67_CR0,0,45,67_AL_.jpg
</urlPoster>
<year>1971</year>
</movie>
<movie>
<idIMDB>tt0075314</idIMDB>
<ranking>80</ranking>
<rating>8.3</rating>
<title>Taxi Driver</title>
<urlPoster>
https://images-na.ssl-images-amazon.com/images/M/MV5BNGQxNDgzZWQtZTNjNi00M2RkLWExZmEtNmE1NjEyZDEwMzA5XkEyXkFqcGdeQXVyMTQxNzMzNDI@._V1_UX45_CR0,0,45,67_AL_.jpg
</urlPoster>
<year>1976</year>
</movie>
<movie>
<idIMDB>tt0056172</idIMDB>
<ranking>81</ranking>
<rating>8.3</rating>
<title>Lawrence of Arabia</title>
<urlPoster>
https://images-na.ssl-images-amazon.com/images/M/MV5BYWY5ZjhjNGYtZmI2Ny00ODM0LWFkNzgtZmI1YzA2N2MxMzA0XkEyXkFqcGdeQXVyNjUwNzk3NDc@._V1_UY67_CR0,0,45,67_AL_.jpg
</urlPoster>
<year>1962</year>
</movie>
<movie>
<idIMDB>tt0036775</idIMDB>
<ranking>82</ranking>
<rating>8.3</rating>
<title>Double Indemnity</title>
<urlPoster>
https://images-na.ssl-images-amazon.com/images/M/MV5BZmRmYmZkZTktZDc5ZC00ZjZmLTg4NWMtYjM3MjcyNTVjNGQ5L2ltYWdlL2ltYWdlXkEyXkFqcGdeQXVyNjc1NTYyMjg@._V1_UX45_CR0,0,45,67_AL_.jpg
</urlPoster>
<year>1944</year>
</movie>
<movie>
<idIMDB>tt0056592</idIMDB>
<ranking>83</ranking>
<rating>8.3</rating>
<title>To Kill a Mockingbird</title>
<urlPoster>
https://images-na.ssl-images-amazon.com/images/M/MV5BMjA4MzI1NDY2Nl5BMl5BanBnXkFtZTcwMTcyODc5Mw@@._V1_UX45_CR0,0,45,67_AL_.jpg
</urlPoster>
<year>1962</year>
</movie>
<movie>
<idIMDB>tt0476735</idIMDB>
<ranking>84</ranking>
<rating>8.3</rating>
<title>Mon père et mon fils</title>
<urlPoster>
https://images-na.ssl-images-amazon.com/images/M/MV5BMTI1NTQ3MjEyM15BMl5BanBnXkFtZTcwMzUxMzIzMQ@@._V1_UY67_CR1,0,45,67_AL_.jpg
</urlPoster>
<year>2005</year>
</movie>
<movie>
<idIMDB>tt0338013</idIMDB>
<ranking>85</ranking>
<rating>8.3</rating>
<title>Eternal Sunshine of the Spotless Mind</title>
<urlPoster>
https://images-na.ssl-images-amazon.com/images/M/MV5BMTY4NzcwODg3Nl5BMl5BanBnXkFtZTcwNTEwOTMyMw@@._V1_UY67_CR0,0,45,67_AL_.jpg
</urlPoster>
<year>2004</year>
</movie>
<movie>
<idIMDB>tt0435761</idIMDB>
<ranking>86</ranking>
<rating>8.3</rating>
<title>Toy Story 3</title>
<urlPoster>
https://images-na.ssl-images-amazon.com/images/M/MV5BMTgxOTY4Mjc0MF5BMl5BanBnXkFtZTcwNTA4MDQyMw@@._V1_UY67_CR1,0,45,67_AL_.jpg
</urlPoster>
<year>2010</year>
</movie>
<movie>
<idIMDB>tt0986264</idIMDB>
<ranking>87</ranking>
<rating>8.3</rating>
<title>Like Stars on Earth</title>
<urlPoster>
https://images-na.ssl-images-amazon.com/images/M/MV5BMTU4NzYwNjYzNV5BMl5BanBnXkFtZTcwNjE4MjA3Mg@@._V1_UY67_CR1,0,45,67_AL_.jpg
</urlPoster>
<year>2007</year>
</movie>
<movie>
<idIMDB>tt0086879</idIMDB>
<ranking>88</ranking>
<rating>8.3</rating>
<title>Amadeus</title>
<urlPoster>
https://images-na.ssl-images-amazon.com/images/M/MV5BMTg5NDkwMTk5N15BMl5BanBnXkFtZTYwODg3MDk2._V1_UY67_CR0,0,45,67_AL_.jpg
</urlPoster>
<year>1984</year>
</movie>
<movie>
<idIMDB>tt0093058</idIMDB>
<ranking>89</ranking>
<rating>8.3</rating>
<title>Full Metal Jacket</title>
<urlPoster>
https://images-na.ssl-images-amazon.com/images/M/MV5BMjA4NzY4ODk4Nl5BMl5BanBnXkFtZTgwOTcxNTYxMTE@._V1_UX45_CR0,0,45,67_AL_.jpg
</urlPoster>
<year>1987</year>
</movie>
<movie>
<idIMDB>tt0070735</idIMDB>
<ranking>90</ranking>
<rating>8.3</rating>
<title>The Sting</title>
<urlPoster>
https://images-na.ssl-images-amazon.com/images/M/MV5BMTY5MjM1OTAyOV5BMl5BanBnXkFtZTgwMDkwODg4MDE@._V1._CR52,57,915,1388_UX45_CR0,0,45,67_AL_.jpg
</urlPoster>
<year>1973</year>
</movie>
<movie>
<idIMDB>tt0062622</idIMDB>
<ranking>91</ranking>
<rating>8.3</rating>
<title>2001: A Space Odyssey</title>
<urlPoster>
https://images-na.ssl-images-amazon.com/images/M/MV5BMTZkZTBhYmUtMTIzNy00YTViLTg1OWItNGUwMmVlN2FjZTVkXkEyXkFqcGdeQXVyNDYyMDk5MTU@._V1_UY67_CR0,0,45,67_AL_.jpg
</urlPoster>
<year>1968</year>
</movie>
<movie>
<idIMDB>tt2119532</idIMDB>
<ranking>92</ranking>
<rating>8.3</rating>
<title>Tu ne tueras point</title>
<urlPoster>
https://images-na.ssl-images-amazon.com/images/M/MV5BMjQ1NjM3MTUxNV5BMl5BanBnXkFtZTgwMDc5MTY5OTE@._V1_UX45_CR0,0,45,67_AL_.jpg
</urlPoster>
<year>2016</year>
</movie>
<movie>
<idIMDB>tt0040522</idIMDB>
<ranking>93</ranking>
<rating>8.3</rating>
<title>Bicycle Thieves</title>
<urlPoster>
https://images-na.ssl-images-amazon.com/images/M/MV5BOTI3NTcwNzEtNDA1MS00ZjE0LThkNDEtMmU4MjVmNTQ1ZDBmXkEyXkFqcGdeQXVyNjc1NTYyMjg@._V1_UY67_CR0,0,45,67_AL_.jpg
</urlPoster>
<year>1948</year>
</movie>
<movie>
<idIMDB>tt0114709</idIMDB>
<ranking>94</ranking>
<rating>8.3</rating>
<title>Toy Story</title>
<urlPoster>
https://images-na.ssl-images-amazon.com/images/M/MV5BMDU2ZWJlMjktMTRhMy00ZTA5LWEzNDgtYmNmZTEwZTViZWJkXkEyXkFqcGdeQXVyNDQ2OTk4MzI@._V1_UX45_CR0,0,45,67_AL_.jpg
</urlPoster>
<year>1995</year>
</movie>
<movie>
<idIMDB>tt0208092</idIMDB>
<ranking>95</ranking>
<rating>8.3</rating>
<title>Snatch</title>
<urlPoster>
https://images-na.ssl-images-amazon.com/images/M/MV5BMTA2NDYxOGYtYjU1Mi00Y2QzLTgxMTQtMWI1MGI0ZGQ5MmU4XkEyXkFqcGdeQXVyNDk3NzU2MTQ@._V1_UY67_CR0,0,45,67_AL_.jpg
</urlPoster>
<year>2000</year>
</movie>
<movie>
<idIMDB>tt0045152</idIMDB>
<ranking>96</ranking>
<rating>8.3</rating>
<title>Singin' in the Rain</title>
<urlPoster>
https://images-na.ssl-images-amazon.com/images/M/MV5BZDRjNGViMjQtOThlMi00MTA3LThkYzQtNzJkYjBkMGE0YzE1XkEyXkFqcGdeQXVyNDYyMDk5MTU@._V1_UY67_CR0,0,45,67_AL_.jpg
</urlPoster>
<year>1952</year>
</movie>
<movie>
<idIMDB>tt0361748</idIMDB>
<ranking>97</ranking>
<rating>8.3</rating>
<title>Inglourious Basterds</title>
<urlPoster>
https://images-na.ssl-images-amazon.com/images/M/MV5BOTJiNDEzOWYtMTVjOC00ZjlmLWE0NGMtZmE1OWVmZDQ2OWJhXkEyXkFqcGdeQXVyNTIzOTk5ODM@._V1_UY67_CR0,0,45,67_AL_.jpg
</urlPoster>
<year>2009</year>
</movie>
<movie>
<idIMDB>tt0012349</idIMDB>
<ranking>98</ranking>
<rating>8.3</rating>
<title>The Kid</title>
<urlPoster>
https://images-na.ssl-images-amazon.com/images/M/MV5BZjhhMThhNDItNTY2MC00MmU1LTliNDEtNDdhZjdlNTY5ZDQ1XkEyXkFqcGdeQXVyNjc1NTYyMjg@._V1_UX45_CR0,0,45,67_AL_.jpg
</urlPoster>
<year>1921</year>
</movie>
<movie>
<idIMDB>tt0071853</idIMDB>
<ranking>99</ranking>
<rating>8.3</rating>
<title>Monty Python and the Holy Grail</title>
<urlPoster>
https://images-na.ssl-images-amazon.com/images/M/MV5BYzgyYzc4Y2QtNDcyZS00NDdmLWI5ZTYtMTQ2YWU5MWFhOTE4XkEyXkFqcGdeQXVyMTQxNzMzNDI@._V1_UY67_CR0,0,45,67_AL_.jpg
</urlPoster>
<year>1975</year>
</movie>
<movie>
<idIMDB>tt2543164</idIMDB>
<ranking>100</ranking>
<rating>8.3</rating>
<title>Arrival</title>
<urlPoster>
https://images-na.ssl-images-amazon.com/images/M/MV5BMTExMzU0ODcxNDheQTJeQWpwZ15BbWU4MDE1OTI4MzAy._V1_UX45_CR0,0,45,67_AL_.jpg
</urlPoster>
<year>2016</year>
</movie>
<movie>
<idIMDB>tt0119488</idIMDB>
<ranking>101</ranking>
<rating>8.3</rating>
<title>L.A. Confidential</title>
<urlPoster>
https://images-na.ssl-images-amazon.com/images/M/MV5BMDBlYzAwZDktNzM2MS00YzBlLWI4ODQtZTlkNmMxZDc3NGRkXkEyXkFqcGdeQXVyMTQxNzMzNDI@._V1_UY67_CR0,0,45,67_AL_.jpg
</urlPoster>
<year>1997</year>
</movie>
<movie>
<idIMDB>tt0059578</idIMDB>
<ranking>102</ranking>
<rating>8.3</rating>
<title>For a Few Dollars More</title>
<urlPoster>
https://images-na.ssl-images-amazon.com/images/M/MV5BMTQzMjIzOTEzMF5BMl5BanBnXkFtZTcwMTUzNTk3NA@@._V1_UX45_CR0,0,45,67_AL_.jpg
</urlPoster>
<year>1965</year>
</movie>
<movie>
<idIMDB>tt1187043</idIMDB>
<ranking>103</ranking>
<rating>8.3</rating>
<title>3 Idiots</title>
<urlPoster>
https://images-na.ssl-images-amazon.com/images/M/MV5BZWRlNDdkNzItMzhlZC00YTdmLWIwNjktYjY5NjQ1ZmQ3N2FkXkEyXkFqcGdeQXVyNjU0OTQ0OTY@._V1_UY67_CR2,0,45,67_AL_.jpg
</urlPoster>
<year>2009</year>
</movie>
<movie>
<idIMDB>tt0042876</idIMDB>
<ranking>104</ranking>
<rating>8.3</rating>
<title>Rashomon</title>
<urlPoster>
https://images-na.ssl-images-amazon.com/images/M/MV5BMjEzMzA4NDE2OF5BMl5BanBnXkFtZTcwNTc5MDI2NQ@@._V1._CR0,0,503,683_UY67_CR2,0,45,67_AL_.jpg
</urlPoster>
<year>1950</year>
</movie>
<movie>
<idIMDB>tt0086250</idIMDB>
<ranking>105</ranking>
<rating>8.3</rating>
<title>Scarface</title>
<urlPoster>
https://images-na.ssl-images-amazon.com/images/M/MV5BMjAzOTM4MzEwNl5BMl5BanBnXkFtZTgwMzU1OTc1MDE@._V1_UY67_CR0,0,45,67_AL_.jpg
</urlPoster>
<year>1983</year>
</movie>
<movie>
<idIMDB>tt0053604</idIMDB>
<ranking>106</ranking>
<rating>8.3</rating>
<title>The Apartment</title>
<urlPoster>
https://images-na.ssl-images-amazon.com/images/M/MV5BMTM1OTc4MzgzNl5BMl5BanBnXkFtZTcwNTE2NjgyMw@@._V1_UX45_CR0,0,45,67_AL_.jpg
</urlPoster>
<year>1960</year>
</movie>
<movie>
<idIMDB>tt2106476</idIMDB>
<ranking>107</ranking>
<rating>8.2</rating>
<title>The Hunt</title>
<urlPoster>
https://images-na.ssl-images-amazon.com/images/M/MV5BMTg2NDg3ODg4NF5BMl5BanBnXkFtZTcwNzk3NTc3Nw@@._V1_UY67_CR1,0,45,67_AL_.jpg
</urlPoster>
<year>2012</year>
</movie>
<movie>
<idIMDB>tt0097576</idIMDB>
<ranking>108</ranking>
<rating>8.2</rating>
<title>Indiana Jones and the Last Crusade</title>
<urlPoster>
https://images-na.ssl-images-amazon.com/images/M/MV5BMjNkMzc2N2QtNjVlNS00ZTk5LTg0MTgtODY2MDAwNTMwZjBjXkEyXkFqcGdeQXVyNDk3NzU2MTQ@._V1_UY67_CR0,0,45,67_AL_.jpg
</urlPoster>
<year>1989</year>
</movie>
<movie>
<idIMDB>tt1832382</idIMDB>
<ranking>109</ranking>
<rating>8.2</rating>
<title>Une séparation</title>
<urlPoster>
https://images-na.ssl-images-amazon.com/images/M/MV5BMTYzMzU4NDUwOF5BMl5BanBnXkFtZTcwMTM5MjA5Ng@@._V1_UY67_CR0,0,45,67_AL_.jpg
</urlPoster>
<year>2011</year>
</movie>
<movie>
<idIMDB>tt0017136</idIMDB>
<ranking>110</ranking>
<rating>8.2</rating>
<title>Metropolis</title>
<urlPoster>
https://images-na.ssl-images-amazon.com/images/M/MV5BNDAzNTkyODg1MF5BMl5BanBnXkFtZTgwMDA3NDkwMDE@._V1_UX45_CR0,0,45,67_AL_.jpg
</urlPoster>
<year>1927</year>
</movie>
<movie>
<idIMDB>tt0119217</idIMDB>
<ranking>111</ranking>
<rating>8.2</rating>
<title>Good Will Hunting</title>
<urlPoster>
https://images-na.ssl-images-amazon.com/images/M/MV5BOTI0MzcxMTYtZDVkMy00NjY1LTgyMTYtZmUxN2M3NmQ2NWJhXkEyXkFqcGdeQXVyMTQxNzMzNDI@._V1_UX45_CR0,0,45,67_AL_.jpg
</urlPoster>
<year>1997</year>
</movie>
<movie>
<idIMDB>tt0042192</idIMDB>
<ranking>112</ranking>
<rating>8.2</rating>
<title>All About Eve</title>
<urlPoster>
https://images-na.ssl-images-amazon.com/images/M/MV5BMTY2MTAzODI5NV5BMl5BanBnXkFtZTgwMjM4NzQ0MjE@._V1_UX45_CR0,0,45,67_AL_.jpg
</urlPoster>
<year>1950</year>
</movie>
<movie>
<idIMDB>tt0055630</idIMDB>
<ranking>113</ranking>
<rating>8.2</rating>
<title>Yojimbo</title>
<urlPoster>
https://images-na.ssl-images-amazon.com/images/M/MV5BMjAwNTQ3ODUyMl5BMl5BanBnXkFtZTgwNDg5ODQyNjE@._V1_UY67_CR0,0,45,67_AL_.jpg
</urlPoster>
<year>1961</year>
</movie>
<movie>
<idIMDB>tt0372784</idIMDB>
<ranking>114</ranking>
<rating>8.2</rating>
<title>Batman Begins</title>
<urlPoster>
https://images-na.ssl-images-amazon.com/images/M/MV5BNTM3OTc0MzM2OV5BMl5BanBnXkFtZTYwNzUwMTI3._V1_UY67_CR0,0,45,67_AL_.jpg
</urlPoster>
<year>2005</year>
</movie>
<movie>
<idIMDB>tt0053291</idIMDB>
<ranking>115</ranking>
<rating>8.2</rating>
<title>Some Like It Hot</title>
<urlPoster>
https://images-na.ssl-images-amazon.com/images/M/MV5BNzYzMDkzNDQ0N15BMl5BanBnXkFtZTcwNzQ0NDQyNA@@._V1_UX45_CR0,0,45,67_AL_.jpg
</urlPoster>
<year>1959</year>
</movie>
<movie>
<idIMDB>tt0040897</idIMDB>
<ranking>116</ranking>
<rating>8.2</rating>
<title>The Treasure of the Sierra Madre</title>
<urlPoster>
https://images-na.ssl-images-amazon.com/images/M/MV5BMTQ4MzUzOTYwOV5BMl5BanBnXkFtZTgwNDA4MzgyMjE@._V1_UY67_CR0,0,45,67_AL_.jpg
</urlPoster>
<year>1948</year>
</movie>
<movie>
<idIMDB>tt1049413</idIMDB>
<ranking>117</ranking>
<rating>8.2</rating>
<title>Up</title>
<urlPoster>
https://images-na.ssl-images-amazon.com/images/M/MV5BMTk3NDE2NzI4NF5BMl5BanBnXkFtZTgwNzE1MzEyMTE@._V1_UX45_CR0,0,45,67_AL_.jpg
</urlPoster>
<year>2009</year>
</movie>
<movie>
<idIMDB>tt0105695</idIMDB>
<ranking>118</ranking>
<rating>8.2</rating>
<title>Unforgiven</title>
<urlPoster>
https://images-na.ssl-images-amazon.com/images/M/MV5BODM3YWY4NmQtN2Y3Ni00OTg0LWFhZGQtZWE3ZWY4MTJlOWU4XkEyXkFqcGdeQXVyNjU0OTQ0OTY@._V1_UX45_CR0,0,45,67_AL_.jpg
</urlPoster>
<year>1992</year>
</movie>
<movie>
<idIMDB>tt0363163</idIMDB>
<ranking>119</ranking>
<rating>8.2</rating>
<title>Downfall</title>
<urlPoster>
https://images-na.ssl-images-amazon.com/images/M/MV5BMTM1OTI1MjE2Nl5BMl5BanBnXkFtZTcwMTEwMzc4NA@@._V1_UY67_CR0,0,45,67_AL_.jpg
</urlPoster>
<year>2004</year>
</movie>
<movie>
<idIMDB>tt0081398</idIMDB>
<ranking>120</ranking>
<rating>8.2</rating>
<title>Raging Bull</title>
<urlPoster>
https://images-na.ssl-images-amazon.com/images/M/MV5BMjIxOTg3OTc5MF5BMl5BanBnXkFtZTcwNzkwNjMwNA@@._V1_UX45_CR0,0,45,67_AL_.jpg
</urlPoster>
<year>1980</year>
</movie>
<movie>
<idIMDB>tt0041959</idIMDB>
<ranking>121</ranking>
<rating>8.2</rating>
<title>The Third Man</title>
<urlPoster>
https://images-na.ssl-images-amazon.com/images/M/MV5BZjQxYmRkMjgtMmZkZi00ZDYyLTk5OTktZWZjZTEzNGZlMWEwXkEyXkFqcGdeQXVyNDYyMDk5MTU@._V1_UX45_CR0,0,45,67_AL_.jpg
</urlPoster>
<year>1949</year>
</movie>
<movie>
<idIMDB>tt0095016</idIMDB>
<ranking>122</ranking>
<rating>8.2</rating>
<title>Die Hard</title>
<urlPoster>
https://images-na.ssl-images-amazon.com/images/M/MV5BMzNmY2IwYzAtNDQ1NC00MmI4LThkOTgtZmVhYmExOTVhMWRkXkEyXkFqcGdeQXVyMTk5NDA3Nw@@._V1_UY67_CR0,0,45,67_AL_.jpg
</urlPoster>
<year>1988</year>
</movie>
<movie>
<idIMDB>tt0118849</idIMDB>
<ranking>123</ranking>
<rating>8.2</rating>
<title>Children of Heaven</title>
<urlPoster>
https://images-na.ssl-images-amazon.com/images/M/MV5BMTg0OTk4MDEwMV5BMl5BanBnXkFtZTYwNzMwNzI5._V1_UY67_CR1,0,45,67_AL_.jpg
</urlPoster>
<year>1997</year>
</movie>
<movie>
<idIMDB>tt0057115</idIMDB>
<ranking>124</ranking>
<rating>8.2</rating>
<title>The Great Escape</title>
<urlPoster>
https://images-na.ssl-images-amazon.com/images/M/MV5BMjI2MTQwNDI3Nl5BMl5BanBnXkFtZTcwNDk4MTkzNA@@._V1_UX45_CR0,0,45,67_AL_.jpg
</urlPoster>
<year>1963</year>
</movie>
<movie>
<idIMDB>tt0113277</idIMDB>
<ranking>125</ranking>
<rating>8.2</rating>
<title>Heat</title>
<urlPoster>
https://images-na.ssl-images-amazon.com/images/M/MV5BNGMwNzUwNjYtZWM5NS00YzMyLWI4NjAtNjM0ZDBiMzE1YWExXkEyXkFqcGdeQXVyNDk3NzU2MTQ@._V1_UY67_CR0,0,45,67_AL_.jpg
</urlPoster>
<year>1995</year>
</movie>
<movie>
<idIMDB>tt0071315</idIMDB>
<ranking>126</ranking>
<rating>8.2</rating>
<title>Chinatown</title>
<urlPoster>
https://images-na.ssl-images-amazon.com/images/M/MV5BMTZiZTA5MWItNTgyMy00ZGZkLThjNGQtOWI0MTU5ZDI4NmJmXkEyXkFqcGdeQXVyNjc1NTYyMjg@._V1_UY67_CR0,0,45,67_AL_.jpg
</urlPoster>
<year>1974</year>
</movie>
<movie>
<idIMDB>tt2096673</idIMDB>
<ranking>127</ranking>
<rating>8.2</rating>
<title>Inside Out</title>
<urlPoster>
https://images-na.ssl-images-amazon.com/images/M/MV5BOTgxMDQwMDk0OF5BMl5BanBnXkFtZTgwNjU5OTg2NDE@._V1_UY67_CR0,0,45,67_AL_.jpg
</urlPoster>
<year>2015</year>
</movie>
<movie>
<idIMDB>tt0457430</idIMDB>
<ranking>128</ranking>
<rating>8.2</rating>
<title>Pan's Labyrinth</title>
<urlPoster>
https://images-na.ssl-images-amazon.com/images/M/MV5BMTU3ODg2NjQ5NF5BMl5BanBnXkFtZTcwMDEwODgzMQ@@._V1_UY67_CR0,0,45,67_AL_.jpg
</urlPoster>
<year>2006</year>
</movie>
<movie>
<idIMDB>tt0044741</idIMDB>
<ranking>129</ranking>
<rating>8.2</rating>
<title>Ikiru</title>
<urlPoster>
https://images-na.ssl-images-amazon.com/images/M/MV5BY2QxNTgzZGEtY2M5Ny00NjllLWE2MTAtYWU2N2NkYjE3NjVmXkEyXkFqcGdeQXVyNTA4NzY1MzY@._V1_UY67_CR1,0,45,67_AL_.jpg
</urlPoster>
<year>1952</year>
</movie>
<movie>
<idIMDB>tt0096283</idIMDB>
<ranking>130</ranking>
<rating>8.2</rating>
<title>My Neighbor Totoro</title>
<urlPoster>
https://images-na.ssl-images-amazon.com/images/M/MV5BMjE3NzY5ODQwMV5BMl5BanBnXkFtZTcwNzY1NzcxNw@@._V1_UY67_CR2,0,45,67_AL_.jpg
</urlPoster>
<year>1988</year>
</movie>
<movie>
<idIMDB>tt0047296</idIMDB>
<ranking>131</ranking>
<rating>8.2</rating>
<title>On the Waterfront</title>
<urlPoster>
https://images-na.ssl-images-amazon.com/images/M/MV5BMTcwMTU3MjI1OV5BMl5BanBnXkFtZTgwNjE2OTI3MjE@._V1_UY67_CR1,0,45,67_AL_.jpg
</urlPoster>
<year>1954</year>
</movie>
<movie>
<idIMDB>tt3170832</idIMDB>
<ranking>132</ranking>
<rating>8.2</rating>
<title>Room</title>
<urlPoster>
https://images-na.ssl-images-amazon.com/images/M/MV5BMjE4NzgzNzEwMl5BMl5BanBnXkFtZTgwMTMzMDE0NjE@._V1_UY67_CR0,0,45,67_AL_.jpg
</urlPoster>
<year>2015</year>
</movie>
<movie>
<idIMDB>tt0089881</idIMDB>
<ranking>133</ranking>
<rating>8.2</rating>
<title>Ran</title>
<urlPoster>
https://images-na.ssl-images-amazon.com/images/M/MV5BNTEyNjg0MDM4OF5BMl5BanBnXkFtZTgwODI0NjUxODE@._V1_UY67_CR1,0,45,67_AL_.jpg
</urlPoster>
<year>1985</year>
</movie>
<movie>
<idIMDB>tt0015864</idIMDB>
<ranking>134</ranking>
<rating>8.2</rating>
<title>The Gold Rush</title>
<urlPoster>
https://images-na.ssl-images-amazon.com/images/M/MV5BMzYzMDQyNzA4NV5BMl5BanBnXkFtZTYwNDU5NDU5._V1_UY67_CR2,0,45,67_AL_.jpg
</urlPoster>
<year>1925</year>
</movie>
<movie>
<idIMDB>tt1305806</idIMDB>
<ranking>135</ranking>
<rating>8.2</rating>
<title>The Secret in Their Eyes</title>
<urlPoster>
https://images-na.ssl-images-amazon.com/images/M/MV5BMTgwNTI3OTczOV5BMl5BanBnXkFtZTcwMTM3MTUyMw@@._V1_UY67_CR0,0,45,67_AL_.jpg
</urlPoster>
<year>2009</year>
</movie>
<movie>
<idIMDB>tt0050212</idIMDB>
<ranking>136</ranking>
<rating>8.2</rating>
<title>The Bridge on the River Kwai</title>
<urlPoster>
https://images-na.ssl-images-amazon.com/images/M/MV5BODAwNWY1ODgtODJlOC00NjRlLThmODQtNmY0YmM4NzIwOTM5XkEyXkFqcGdeQXVyMDI2NDg0NQ@@._V1_UX45_CR0,0,45,67_AL_.jpg
</urlPoster>
<year>1957</year>
</movie>
<movie>
<idIMDB>tt0031679</idIMDB>
<ranking>137</ranking>
<rating>8.2</rating>
<title>Mr. Smith Goes to Washington</title>
<urlPoster>
https://images-na.ssl-images-amazon.com/images/M/MV5BMTAxMjRiMGUtN2Q1Zi00ODg5LThhMTItMTJmNTRmYWFhNGRjXkEyXkFqcGdeQXVyNTA4NzY1MzY@._V1_UX45_CR0,0,45,67_AL_.jpg
</urlPoster>
<year>1939</year>
</movie>
<movie>
<idIMDB>tt0083658</idIMDB>
<ranking>138</ranking>
<rating>8.2</rating>
<title>Blade Runner</title>
<urlPoster>
https://images-na.ssl-images-amazon.com/images/M/MV5BZWZlYmEyYTItNGRjYy00ZmMxLWEzMWItM2Q2NjZlNTMwMjQ3XkEyXkFqcGdeQXVyNDYyMDk5MTU@._V1_UX45_CR0,0,45,67_AL_.jpg
</urlPoster>
<year>1982</year>
</movie>
<movie>
<idIMDB>tt0109117</idIMDB>
<ranking>139</ranking>
<rating>8.2</rating>
<title>Andaz Apna Apna</title>
<urlPoster>
https://images-na.ssl-images-amazon.com/images/M/MV5BNWEzN2U1NWEtZThkOC00YWYyLWE0YzEtMWU3ZWQ0ZTk1NzgxXkEyXkFqcGdeQXVyNjQ2MjQ5NzM@._V1_UY67_CR2,0,45,67_AL_.jpg
</urlPoster>
<year>1994</year>
</movie>
<movie>
<idIMDB>tt0050976</idIMDB>
<ranking>140</ranking>
<rating>8.2</rating>
<title>The Seventh Seal</title>
<urlPoster>
https://images-na.ssl-images-amazon.com/images/M/MV5BNDMxZjI4OGUtMzZhZS00ZTcwLWIyYWUtZTQ0Zjg4ZmIzYTcwXkEyXkFqcGdeQXVyNTI4MjkwNjA@._V1_UY67_CR0,0,45,67_AL_.jpg
</urlPoster>
<year>1957</year>
</movie>
<movie>
<idIMDB>tt0120735</idIMDB>
<ranking>141</ranking>
<rating>8.2</rating>
<title>Lock, Stock and Two Smoking Barrels</title>
<urlPoster>
https://images-na.ssl-images-amazon.com/images/M/MV5BMTAyN2JmZmEtNjAyMy00NzYwLThmY2MtYWQ3OGNhNjExMmM4XkEyXkFqcGdeQXVyNDk3NzU2MTQ@._V1_UX45_CR0,0,45,67_AL_.jpg
</urlPoster>
<year>1998</year>
</movie>
<movie>
<idIMDB>tt0347149</idIMDB>
<ranking>142</ranking>
<rating>8.2</rating>
<title>Howl's Moving Castle</title>
<urlPoster>
https://images-na.ssl-images-amazon.com/images/M/MV5BMTY1OTg0MjE3MV5BMl5BanBnXkFtZTcwNTUxMTkyMQ@@._V1_UY67_CR0,0,45,67_AL_.jpg
</urlPoster>
<year>2004</year>
</movie>
<movie>
<idIMDB>tt1280558</idIMDB>
<ranking>143</ranking>
<rating>8.2</rating>
<title>A Wednesday</title>
<urlPoster>
https://images-na.ssl-images-amazon.com/images/M/MV5BMTAzODEzMjE1MTJeQTJeQWpwZ15BbWU3MDE3NjQ5Mzk@._V1_UX45_CR0,0,45,67_AL_.jpg
</urlPoster>
<year>2008</year>
</movie>
<movie>
<idIMDB>tt0116231</idIMDB>
<ranking>144</ranking>
<rating>8.2</rating>
<title>The Bandit</title>
<urlPoster>
https://images-na.ssl-images-amazon.com/images/M/MV5BOGQ4ZjFmYjktOGNkNS00OWYyLWIyZjgtMGJjM2U1ZTA0ZTlhXkEyXkFqcGdeQXVyNTA4NzY1MzY@._V1_UY67_CR1,0,45,67_AL_.jpg
</urlPoster>
<year>1996</year>
</movie>
<movie>
<idIMDB>tt0112641</idIMDB>
<ranking>145</ranking>
<rating>8.2</rating>
<title>Casino</title>
<urlPoster>
https://images-na.ssl-images-amazon.com/images/M/MV5BMTcxOWYzNDYtYmM4YS00N2NkLTk0NTAtNjg1ODgwZjAxYzI3XkEyXkFqcGdeQXVyNTA4NzY1MzY@._V1_UX45_CR0,0,45,67_AL_.jpg
</urlPoster>
<year>1995</year>
</movie>
<movie>
<idIMDB>tt0055031</idIMDB>
<ranking>146</ranking>
<rating>8.2</rating>
<title>Judgment at Nuremberg</title>
<urlPoster>
https://images-na.ssl-images-amazon.com/images/M/MV5BNDc2ODQ5NTE2MV5BMl5BanBnXkFtZTcwODExMjUyNA@@._V1_UX45_CR0,0,45,67_AL_.jpg
</urlPoster>
<year>1961</year>
</movie>
<movie>
<idIMDB>tt0242519</idIMDB>
<ranking>147</ranking>
<rating>8.2</rating>
<title>Hera Pheri</title>
<urlPoster>
https://images-na.ssl-images-amazon.com/images/M/MV5BZTYwNDdmNmEtOGZhYS00MjRiLWIzOWUtNDQxNzg4ZTVjMGE1XkEyXkFqcGdeQXVyNjQ2MjQ5NzM@._V1_UY67_CR1,0,45,67_AL_.jpg
</urlPoster>
<year>2000</year>
</movie>
<movie>
<idIMDB>tt0268978</idIMDB>
<ranking>148</ranking>
<rating>8.2</rating>
<title>A Beautiful Mind</title>
<urlPoster>
https://images-na.ssl-images-amazon.com/images/M/MV5BMzcwYWFkYzktZjAzNC00OGY1LWI4YTgtNzc5MzVjMDVmNjY0XkEyXkFqcGdeQXVyMTQxNzMzNDI@._V1_UY67_CR0,0,45,67_AL_.jpg
</urlPoster>
<year>2001</year>
</movie>
<movie>
<idIMDB>tt0050986</idIMDB>
<ranking>149</ranking>
<rating>8.2</rating>
<title>Wild Strawberries</title>
<urlPoster>
https://images-na.ssl-images-amazon.com/images/M/MV5BMjgwNjI3NTM1MF5BMl5BanBnXkFtZTgwNzY3MTUyMjE@._V1_UY67_CR0,0,45,67_AL_.jpg
</urlPoster>
<year>1957</year>
</movie>
<movie>
<idIMDB>tt0080678</idIMDB>
<ranking>150</ranking>
<rating>8.2</rating>
<title>The Elephant Man</title>
<urlPoster>
https://images-na.ssl-images-amazon.com/images/M/MV5BMDVjNjIwOGItNDE3Ny00OThjLWE0NzQtZTU3YjMzZTZjMzhkXkEyXkFqcGdeQXVyMTQxNzMzNDI@._V1_UX45_CR0,0,45,67_AL_.jpg
</urlPoster>
<year>1980</year>
</movie>
<movie>
<idIMDB>tt0017925</idIMDB>
<ranking>151</ranking>
<rating>8.2</rating>
<title>The General</title>
<urlPoster>
https://images-na.ssl-images-amazon.com/images/M/MV5BODQxMzMyNTY5Nl5BMl5BanBnXkFtZTcwMDMyNTk3OA@@._V1_UX45_CR0,0,45,67_AL_.jpg
</urlPoster>
<year>1926</year>
</movie>
<movie>
<idIMDB>tt1255953</idIMDB>
<ranking>152</ranking>
<rating>8.2</rating>
<title>Incendies</title>
<urlPoster>
https://images-na.ssl-images-amazon.com/images/M/MV5BMTg4MzA0NjI5OF5BMl5BanBnXkFtZTcwNTUwMzQzNg@@._V1_UY67_CR1,0,45,67_AL_.jpg
</urlPoster>
<year>2010</year>
</movie>
<movie>
<idIMDB>tt1291584</idIMDB>
<ranking>153</ranking>
<rating>8.1</rating>
<title>Warrior</title>
<urlPoster>
https://images-na.ssl-images-amazon.com/images/M/MV5BMTk4ODk5MTMyNV5BMl5BanBnXkFtZTcwMDMyNTg0Ng@@._V1_UX45_CR0,0,45,67_AL_.jpg
</urlPoster>
<year>2011</year>
</movie>
<movie>
<idIMDB>tt0434409</idIMDB>
<ranking>154</ranking>
<rating>8.1</rating>
<title>V for Vendetta</title>
<urlPoster>
https://images-na.ssl-images-amazon.com/images/M/MV5BOTI5ODc3NzExNV5BMl5BanBnXkFtZTcwNzYxNzQzMw@@._V1_UY67_CR0,0,45,67_AL_.jpg
</urlPoster>
<year>2005</year>
</movie>
<movie>
<idIMDB>tt0993846</idIMDB>
<ranking>155</ranking>
<rating>8.1</rating>
<title>The Wolf of Wall Street</title>
<urlPoster>
https://images-na.ssl-images-amazon.com/images/M/MV5BMjIxMjgxNTk0MF5BMl5BanBnXkFtZTgwNjIyOTg2MDE@._V1_UY67_CR0,0,45,67_AL_.jpg
</urlPoster>
<year>2013</year>
</movie>
<movie>
<idIMDB>tt0018455</idIMDB>
<ranking>156</ranking>
<rating>8.1</rating>
<title>Sunrise</title>
<urlPoster>
https://images-na.ssl-images-amazon.com/images/M/MV5BMjIzNzg4MzcxNV5BMl5BanBnXkFtZTgwMTgzNTE0MTE@._V1_UX45_CR0,0,45,67_AL_.jpg
</urlPoster>
<year>1927</year>
</movie>
<movie>
<idIMDB>tt0019254</idIMDB>
<ranking>157</ranking>
<rating>8.1</rating>
<title>The Passion of Joan of Arc</title>
<urlPoster>
https://images-na.ssl-images-amazon.com/images/M/MV5BMjQxMjk5ODUxMl5BMl5BanBnXkFtZTgwNDI2MjUwMzE@._V1_UY67_CR0,0,45,67_AL_.jpg
</urlPoster>
<year>1928</year>
</movie>
<movie>
<idIMDB>tt0405508</idIMDB>
<ranking>158</ranking>
<rating>8.1</rating>
<title>Rang De Basanti</title>
<urlPoster>
https://images-na.ssl-images-amazon.com/images/M/MV5BMjEwNzA5MjAwN15BMl5BanBnXkFtZTcwMzY5MzIzMQ@@._V1_UY67_CR1,0,45,67_AL_.jpg
</urlPoster>
<year>2006</year>
</movie>
<movie>
<idIMDB>tt0073707</idIMDB>
<ranking>159</ranking>
<rating>8.1</rating>
<title>Sholay</title>
<urlPoster>
https://images-na.ssl-images-amazon.com/images/M/MV5BOWQ0YTUzYzItYjI0MC00OTZmLWE1MWQtY2EzMzU2MTlmMmJjXkEyXkFqcGdeQXVyMDkwNTkwNg@@._V1_UY67_CR3,0,45,67_AL_.jpg
</urlPoster>
<year>1975</year>
</movie>
<movie>
<idIMDB>tt1205489</idIMDB>
<ranking>160</ranking>
<rating>8.1</rating>
<title>Gran Torino</title>
<urlPoster>
https://images-na.ssl-images-amazon.com/images/M/MV5BMTQyMTczMTAxMl5BMl5BanBnXkFtZTcwOTc1ODE0Mg@@._V1_UY67_CR1,0,45,67_AL_.jpg
</urlPoster>
<year>2008</year>
</movie>
<movie>
<idIMDB>tt0374887</idIMDB>
<ranking>161</ranking>
<rating>8.1</rating>
<title>Munna Bhai M.B.B.S.</title>
<urlPoster>
https://images-na.ssl-images-amazon.com/images/M/MV5BMTQ4NzQ3NjAxMV5BMl5BanBnXkFtZTcwNDg2ODgzMQ@@._V1_UY67_CR1,0,45,67_AL_.jpg
</urlPoster>
<year>2003</year>
</movie>
<movie>
<idIMDB>tt0118715</idIMDB>
<ranking>162</ranking>
<rating>8.1</rating>
<title>The Big Lebowski</title>
<urlPoster>
https://images-na.ssl-images-amazon.com/images/M/MV5BZTFjMjBiYzItNzU5YS00MjdiLWJkOTktNDQ3MTE3ZjY2YTY5XkEyXkFqcGdeQXVyNDk3NzU2MTQ@._V1_UX45_CR0,0,45,67_AL_.jpg
</urlPoster>
<year>1998</year>
</movie>
<movie>
<idIMDB>tt0046912</idIMDB>
<ranking>163</ranking>
<rating>8.1</rating>
<title>Dial M for Murder</title>
<urlPoster>
https://images-na.ssl-images-amazon.com/images/M/MV5BMTkyNzc4ODk4N15BMl5BanBnXkFtZTcwMDE5ODEwNA@@._V1_UX45_CR0,0,45,67_AL_.jpg
</urlPoster>
<year>1954</year>
</movie>
<movie>
<idIMDB>tt0046438</idIMDB>
<ranking>164</ranking>
<rating>8.1</rating>
<title>Tokyo Story</title>
<urlPoster>
https://images-na.ssl-images-amazon.com/images/M/MV5BMmIxZGIzZmMtMGU3Ny00OWU2LWI2NjMtZmVjN2M0MDYwMmVlXkEyXkFqcGdeQXVyMTQxNzMzNDI@._V1_UY67_CR1,0,45,67_AL_.jpg
</urlPoster>
<year>1953</year>
</movie>
<movie>
<idIMDB>tt0077416</idIMDB>
<ranking>165</ranking>
<rating>8.1</rating>
<title>The Deer Hunter</title>
<urlPoster>
https://images-na.ssl-images-amazon.com/images/M/MV5BMTYzYmRmZTQtYjk2NS00MDdlLTkxMDAtMTE2YTM2ZmNlMTBkXkEyXkFqcGdeQXVyNjU0OTQ0OTY@._V1_UY67_CR0,0,45,67_AL_.jpg
</urlPoster>
<year>1978</year>
</movie>
<movie>
<idIMDB>tt0117951</idIMDB>
<ranking>166</ranking>
<rating>8.1</rating>
<title>Trainspotting</title>
<urlPoster>
https://images-na.ssl-images-amazon.com/images/M/MV5BMzA5Zjc3ZTMtMmU5YS00YTMwLWI4MWUtYTU0YTVmNjVmODZhXkEyXkFqcGdeQXVyNjU0OTQ0OTY@._V1_UY67_CR0,0,45,67_AL_.jpg
</urlPoster>
<year>1996</year>
</movie>
<movie>
<idIMDB>tt0031381</idIMDB>
<ranking>167</ranking>
<rating>8.1</rating>
<title>Gone with the Wind</title>
<urlPoster>
https://images-na.ssl-images-amazon.com/images/M/MV5BYWQwOWVkMGItMDU2Yy00YjIzLWJkMjEtNmVkZjE3MjMwYzEzXkEyXkFqcGdeQXVyNjU0OTQ0OTY@._V1_UX45_CR0,0,45,67_AL_.jpg
</urlPoster>
<year>1939</year>
</movie>
<movie>
<idIMDB>tt0116282</idIMDB>
<ranking>168</ranking>
<rating>8.1</rating>
<title>Fargo</title>
<urlPoster>
https://images-na.ssl-images-amazon.com/images/M/MV5BMTgxNzY3MzUxOV5BMl5BanBnXkFtZTcwMDA0NjMyNA@@._V1_UX45_CR0,0,45,67_AL_.jpg
</urlPoster>
<year>1996</year>
</movie>
<movie>
<idIMDB>tt0266543</idIMDB>
<ranking>169</ranking>
<rating>8.1</rating>
<title>Finding Nemo</title>
<urlPoster>
https://images-na.ssl-images-amazon.com/images/M/MV5BZTAzNWZlNmUtZDEzYi00ZjA5LWIwYjEtZGM1NWE1MjE4YWRhXkEyXkFqcGdeQXVyNjU0OTQ0OTY@._V1_UY67_CR0,0,45,67_AL_.jpg
</urlPoster>
<year>2003</year>
</movie>
<movie>
<idIMDB>tt0061512</idIMDB>
<ranking>170</ranking>
<rating>8.1</rating>
<title>Cool Hand Luke</title>
<urlPoster>
https://images-na.ssl-images-amazon.com/images/M/MV5BOWFlNzZhYmYtYTI5YS00MDQyLWIyNTUtNTRjMWUwNTEzNjA0XkEyXkFqcGdeQXVyNjUwNzk3NDc@._V1_UX45_CR0,0,45,67_AL_.jpg
</urlPoster>
<year>1967</year>
</movie>
<movie>
<idIMDB>tt0167404</idIMDB>
<ranking>171</ranking>
<rating>8.1</rating>
<title>The Sixth Sense</title>
<urlPoster>
https://images-na.ssl-images-amazon.com/images/M/MV5BMWM4NTFhYjctNzUyNi00NGMwLTk3NTYtMDIyNTZmMzRlYmQyXkEyXkFqcGdeQXVyMTAwMzUyOTc@._V1_UY67_CR0,0,45,67_AL_.jpg
</urlPoster>
<year>1999</year>
</movie>
<movie>
<idIMDB>tt0032976</idIMDB>
<ranking>172</ranking>
<rating>8.1</rating>
<title>Rebecca</title>
<urlPoster>
https://images-na.ssl-images-amazon.com/images/M/MV5BMTM5ODA4ODMzM15BMl5BanBnXkFtZTcwOTA2NTEwNA@@._V1._CR9,22,314,458_UY67_CR0,0,45,67_AL_.jpg
</urlPoster>
<year>1940</year>
</movie>
<movie>
<idIMDB>tt0084787</idIMDB>
<ranking>173</ranking>
<rating>8.1</rating>
<title>The Thing</title>
<urlPoster>
https://images-na.ssl-images-amazon.com/images/M/MV5BMTRlMGIzYjItNTUwYS00OTc2LTk0ODktMGRjYWNlOTg3NzkwXkEyXkFqcGdeQXVyMTQxNzMzNDI@._V1_UX45_CR0,0,45,67_AL_.jpg
</urlPoster>
<year>1982</year>
</movie>
<movie>
<idIMDB>tt0892769</idIMDB>
<ranking>174</ranking>
<rating>8.1</rating>
<title>How to Train Your Dragon</title>
<urlPoster>
https://images-na.ssl-images-amazon.com/images/M/MV5BMjA5NDQyMjc2NF5BMl5BanBnXkFtZTcwMjg5ODcyMw@@._V1_UY67_CR0,0,45,67_AL_.jpg
</urlPoster>
<year>2010</year>
</movie>
<movie>
<idIMDB>tt0477348</idIMDB>
<ranking>175</ranking>
<rating>8.1</rating>
<title>No Country for Old Men</title>
<urlPoster>
https://images-na.ssl-images-amazon.com/images/M/MV5BMjA5Njk3MjM4OV5BMl5BanBnXkFtZTcwMTc5MTE1MQ@@._V1_UY67_CR0,0,45,67_AL_.jpg
</urlPoster>
<year>2007</year>
</movie>
<movie>
<idIMDB>tt0758758</idIMDB>
<ranking>176</ranking>
<rating>8.1</rating>
<title>Into the Wild</title>
<urlPoster>
https://images-na.ssl-images-amazon.com/images/M/MV5BMTAwNDEyODU1MjheQTJeQWpwZ15BbWU2MDc3NDQwNw@@._V1_UY67_CR0,0,45,67_AL_.jpg
</urlPoster>
<year>2007</year>
</movie>
<movie>
<idIMDB>tt2488496</idIMDB>
<ranking>177</ranking>
<rating>8.1</rating>
<title>Star Wars: The Force Awakens</title>
<urlPoster>
https://images-na.ssl-images-amazon.com/images/M/MV5BOTAzODEzNDAzMl5BMl5BanBnXkFtZTgwMDU1MTgzNzE@._V1_UY67_CR0,0,45,67_AL_.jpg
</urlPoster>
<year>2015</year>
</movie>
<movie>
<idIMDB>tt0266697</idIMDB>
<ranking>178</ranking>
<rating>8.1</rating>
<title>Kill Bill: Vol. 1</title>
<urlPoster>
https://images-na.ssl-images-amazon.com/images/M/MV5BMTU1NDg1Mzg4M15BMl5BanBnXkFtZTYwMDExOTc3._V1_UX45_CR0,0,45,67_AL_.jpg
</urlPoster>
<year>2003</year>
</movie>
<movie>
<idIMDB>tt0091251</idIMDB>
<ranking>179</ranking>
<rating>8.1</rating>
<title>Come and See</title>
<urlPoster>
https://images-na.ssl-images-amazon.com/images/M/MV5BM2UxNDkzMmYtOThlYi00ZmRjLWIyYzQtYTM5YWIzNWE1NzMzXkEyXkFqcGdeQXVyNTc2MDU0NDE@._V1_UX45_CR0,0,45,67_AL_.jpg
</urlPoster>
<year>1985</year>
</movie>
<movie>
<idIMDB>tt0978762</idIMDB>
<ranking>180</ranking>
<rating>8.1</rating>
<title>Mary et Max.</title>
<urlPoster>
https://images-na.ssl-images-amazon.com/images/M/MV5BMTQ1NDIyNTA1Nl5BMl5BanBnXkFtZTcwMjc2Njk3OA@@._V1_UY67_CR1,0,45,67_AL_.jpg
</urlPoster>
<year>2009</year>
</movie>
<movie>
<idIMDB>tt2267998</idIMDB>
<ranking>181</ranking>
<rating>8.1</rating>
<title>Gone Girl</title>
<urlPoster>
https://images-na.ssl-images-amazon.com/images/M/MV5BMTk0MDQ3MzAzOV5BMl5BanBnXkFtZTgwNzU1NzE3MjE@._V1_UY67_CR0,0,45,67_AL_.jpg
</urlPoster>
<year>2014</year>
</movie>
<movie>
<idIMDB>tt0469494</idIMDB>
<ranking>182</ranking>
<rating>8.1</rating>
<title>There Will Be Blood</title>
<urlPoster>
https://images-na.ssl-images-amazon.com/images/M/MV5BMjAxODQ4MDU5NV5BMl5BanBnXkFtZTcwMDU4MjU1MQ@@._V1_UY67_CR0,0,45,67_AL_.jpg
</urlPoster>
<year>2007</year>
</movie>
<movie>
<idIMDB>tt0025316</idIMDB>
<ranking>183</ranking>
<rating>8.1</rating>
<title>It Happened One Night</title>
<urlPoster>
https://images-na.ssl-images-amazon.com/images/M/MV5BMTczOTQ1MTQ4MF5BMl5BanBnXkFtZTcwODI2MDk4OQ@@._V1_UX45_CR0,0,45,67_AL_.jpg
</urlPoster>
<year>1934</year>
</movie>
<movie>
<idIMDB>tt0079470</idIMDB>
<ranking>184</ranking>
<rating>8.1</rating>
<title>Life of Brian</title>
<urlPoster>
https://images-na.ssl-images-amazon.com/images/M/MV5BMzAwNjU1OTktYjY3Mi00NDY5LWFlZWUtZjhjNGE0OTkwZDkwXkEyXkFqcGdeQXVyMTQxNzMzNDI@._V1_UX45_CR0,0,45,67_AL_.jpg
</urlPoster>
<year>1979</year>
</movie>
<movie>
<idIMDB>tt1979320</idIMDB>
<ranking>185</ranking>
<rating>8.1</rating>
<title>Rush</title>
<urlPoster>
https://images-na.ssl-images-amazon.com/images/M/MV5BMTQyMDE0MTY0OV5BMl5BanBnXkFtZTcwMjI2OTI0OQ@@._V1_UX45_CR0,0,45,67_AL_.jpg
</urlPoster>
<year>2013</year>
</movie>
<movie>
<idIMDB>tt0395169</idIMDB>
<ranking>186</ranking>
<rating>8.1</rating>
<title>Hotel Rwanda</title>
<urlPoster>
https://images-na.ssl-images-amazon.com/images/M/MV5BMTI2MzQyNTc1M15BMl5BanBnXkFtZTYwMjExNjc3._V1_UX45_CR0,0,45,67_AL_.jpg
</urlPoster>
<year>2004</year>
</movie>
<movie>
<idIMDB>tt0091763</idIMDB>
<ranking>187</ranking>
<rating>8.1</rating>
<title>Platoon</title>
<urlPoster>
https://images-na.ssl-images-amazon.com/images/M/MV5BZmJlOTE1ZTgtODdmNC00NmZhLThlZDYtNTllMmIyOTIwN2EwL2ltYWdlL2ltYWdlXkEyXkFqcGdeQXVyMTQxNzMzNDI@._V1_UX45_CR0,0,45,67_AL_.jpg
</urlPoster>
<year>1986</year>
</movie>
<movie>
<idIMDB>tt4430212</idIMDB>
<ranking>188</ranking>
<rating>8.1</rating>
<title>Drishyam</title>
<urlPoster>
https://images-na.ssl-images-amazon.com/images/M/MV5BMTYyMjgyNDY3N15BMl5BanBnXkFtZTgwOTMzNTE5NTE@._V1_UY67_CR0,0,45,67_AL_.jpg
</urlPoster>
<year>2015</year>
</movie>
<movie>
<idIMDB>tt1130884</idIMDB>
<ranking>189</ranking>
<rating>8.1</rating>
<title>Shutter Island</title>
<urlPoster>
https://images-na.ssl-images-amazon.com/images/M/MV5BMTMxMTIyNzMxMV5BMl5BanBnXkFtZTcwOTc4OTI3Mg@@._V1_UX45_CR0,0,45,67_AL_.jpg
</urlPoster>
<year>2010</year>
</movie>
<movie>
<idIMDB>tt0074958</idIMDB>
<ranking>190</ranking>
<rating>8.1</rating>
<title>Network</title>
<urlPoster>
https://images-na.ssl-images-amazon.com/images/M/MV5BNzk5MjcxNTg2MF5BMl5BanBnXkFtZTgwMzY2MTUxMDE@._V1_UY67_CR2,0,45,67_AL_.jpg
</urlPoster>
<year>1976</year>
</movie>
<movie>
<idIMDB>tt0050783</idIMDB>
<ranking>191</ranking>
<rating>8.1</rating>
<title>The Nights of Cabiria</title>
<urlPoster>
https://images-na.ssl-images-amazon.com/images/M/MV5BMTcwODQxMDg5OV5BMl5BanBnXkFtZTgwNjczMzkwMzE@._V1_UY67_CR1,0,45,67_AL_.jpg
</urlPoster>
<year>1957</year>
</movie>
<movie>
<idIMDB>tt0046268</idIMDB>
<ranking>192</ranking>
<rating>8.1</rating>
<title>The Wages of Fear</title>
<urlPoster>
https://images-na.ssl-images-amazon.com/images/M/MV5BMTQ5MzkyNDgyMF5BMl5BanBnXkFtZTgwODg2MTMzMjE@._V1_UY67_CR0,0,45,67_AL_.jpg
</urlPoster>
<year>1953</year>
</movie>
<movie>
<idIMDB>tt1895587</idIMDB>
<ranking>193</ranking>
<rating>8.1</rating>
<title>Spotlight</title>
<urlPoster>
https://images-na.ssl-images-amazon.com/images/M/MV5BMjIyOTM5OTIzNV5BMl5BanBnXkFtZTgwMDkzODE2NjE@._V1_UY67_CR0,0,45,67_AL_.jpg
</urlPoster>
<year>2015</year>
</movie>
<movie>
<idIMDB>tt0107207</idIMDB>
<ranking>194</ranking>
<rating>8.1</rating>
<title>Au nom du père</title>
<urlPoster>
https://images-na.ssl-images-amazon.com/images/M/MV5BMTcwNjMyMzI0OV5BMl5BanBnXkFtZTgwMDU4NjkzMTE@._V1_UY67_CR0,0,45,67_AL_.jpg
</urlPoster>
<year>1993</year>
</movie>
<movie>
<idIMDB>tt0092005</idIMDB>
<ranking>195</ranking>
<rating>8.1</rating>
<title>Stand by Me</title>
<urlPoster>
https://images-na.ssl-images-amazon.com/images/M/MV5BZWRmOGU2M2ItMTJhMi00ZDA3LWJhOWItYWQ3NjI5NjEyNTFlXkEyXkFqcGdeQXVyNjUwNzk3NDc@._V1_UY67_CR0,0,45,67_AL_.jpg
</urlPoster>
<year>1986</year>
</movie>
<movie>
<idIMDB>tt0064115</idIMDB>
<ranking>196</ranking>
<rating>8.1</rating>
<title>Butch Cassidy and the Sundance Kid</title>
<urlPoster>
https://images-na.ssl-images-amazon.com/images/M/MV5BMTkyMTM2NDk5Nl5BMl5BanBnXkFtZTgwNzY1NzEyMDE@._V1_UY67_CR0,0,45,67_AL_.jpg
</urlPoster>
<year>1969</year>
</movie>
<movie>
<idIMDB>tt0033870</idIMDB>
<ranking>197</ranking>
<rating>8.1</rating>
<title>The Maltese Falcon</title>
<urlPoster>
https://images-na.ssl-images-amazon.com/images/M/MV5BMTc4MDEzOTMwMl5BMl5BanBnXkFtZTgwMTc2NjgyMjE@._V1_UY67_CR0,0,45,67_AL_.jpg
</urlPoster>
<year>1941</year>
</movie>
<movie>
<idIMDB>tt1392190</idIMDB>
<ranking>198</ranking>
<rating>8.1</rating>
<title>Mad Max: Fury Road</title>
<urlPoster>
https://images-na.ssl-images-amazon.com/images/M/MV5BMTUyMTE0ODcxNF5BMl5BanBnXkFtZTgwODE4NDQzNTE@._V1_UY67_CR0,0,45,67_AL_.jpg
</urlPoster>
<year>2015</year>
</movie>
<movie>
<idIMDB>tt0053198</idIMDB>
<ranking>199</ranking>
<rating>8.1</rating>
<title>The 400 Blows</title>
<urlPoster>
https://images-na.ssl-images-amazon.com/images/M/MV5BMTQzNTMzOTA2Ml5BMl5BanBnXkFtZTgwNDQ2OTI3MjE@._V1_UY67_CR0,0,45,67_AL_.jpg
</urlPoster>
<year>1959</year>
</movie>
<movie>
<idIMDB>tt3011894</idIMDB>
<ranking>200</ranking>
<rating>8.1</rating>
<title>Les nouveaux sauvages</title>
<urlPoster>
https://images-na.ssl-images-amazon.com/images/M/MV5BNzAzMjA1ODAxOV5BMl5BanBnXkFtZTgwODg4NTQzNDE@._V1_UY67_CR0,0,45,67_AL_.jpg
</urlPoster>
<year>2014</year>
</movie>
</data>
</results>